ID,WEEK1,WEEK2,WEEK3,WEEK4,WEEK5,WEEK6,WEEK7,WEEK8,WEEK9,WEEK10
55,3.788111,7.389223,10.843777,17.03489,21.65533,21.52456,23.58489,24.433,25.45111,27.52367
56,3.832556,7.861444,11.823779,19.00267,23.36533,25.87567,28.52711,29.75689,32.50111,33.94367
57,3.917,7.424778,9.447111,11.976,17.50533,21.44233,25.58267,28.91244,31.37889,34.38367
58,4.109333,8.043223,11.909667,17.29556,24.25145,25.95967,28.186,29.62078,32.78745,34.65355
59,4.420333,8.505889,13.53378,23.00044,27.99978,31.07678,35.35378,36.208,38.23778,40.80922
60,4.119333,8.186556,12.485223,17.06445,24.627,27.17078,28.48711,30.99078,33.713,34.93689
61,4.776,8.958778,14.22078,20.33,26.85033,29.723,32.31711,33.02855,36.34078,37.59689
62,3.668111,7.317,10.967111,18.756,24.58644,27.45234,31.83933,33.43134,36.92556,39.94922
63,3.862666,7.229889,11.660778,16.83444,22.45256,24.15744,26.66489,28.69856,30.69078,32.568
64,5.834889,9.244889,14.293,19.9,26.46033,29.04855,30.366,32.94078,34.58522,36.44911
65,5.529334,8.404610125,13.83078,18.64333,24.49811,27.42855,31.61822,31.15189,33.323,34.83022
66,5.685999,8.222944125,14.243,19.04111,25.57811,28.47744,29.97711,31.91522,34.28745,35.57911
67,6.856,10.1785,15.40745,21.73667,25.67144,27.43078,26.80044,27.66633,29.15744,31.13022
68,5.645333,8.713056,13.828,21.432,28.88878,32.64767,34.67289,37.16478,38.89311,41.05322
69,5.878111,8.977833125,13.966,19.74267,24.602,27.85122,30.08156,31.48022,32.97778,35.32256
70,5.946,9.19169425,14.33633,19.73667,23.16478,26.76189,27.93378,30.05078,31.77411,33.46022
71,5.902556,8.988666625,13.90489,22.05156,27.06422,30.69344,32.68822,34.83134,36.61334,37.38478
72,5.815889,8.809638125,13.68711,19.09267,25.04644,25.919,27.65933,29.78244,32.04,34.21922
73,5.590333,8.847555125,14.416,21.47934,25.54645,27.429,29.55156,31.48133,33.86222,35.42478
74,4.597,7.027833625,12.48711,19.28044,25.25089,29.70122,31.54933,34.17133,35.65666,37.90589
82,4.369556,7.930778,11.898,18.57678,24.51866,26.77767,28.04867,28.17555,29.75567,30.25755
83,4.714,9.339667,13.84022,20.82456,26.12978,29.74656,29.25645,30.97778,35.009,36.70755
84,4.404222,8.124333,12.79245,18.31367,24.38067,25.31467,27.46922,28.516,31.10589,32.79855
85,4.690889,7.967667,12.22578,16.54255,22.80067,24.54689,28.64144,29.23378,31.14589,32.94744
86,4.664222,8.482112,13.66689,20.00478,25.77289,29.66689,29.79589,29.99711,33.277,34.93634
87,5.088667,8.742111,13.718,18.54478,24.66622,24.80689,26.79811,29.12266,30.15811,32.79189
90,4.602,9.387667,13.81689,20.60256,27.54956,32.11689,33.89033,35.16711,37.69033,39.13189
91,5.6363335,9.071445,13.71322,20.255995,26.82177,29.65645,32.52433,32.64444,34.42322,38.68011
92,4.4497415,6.711889,9.696222,14.522,19.65678,23.29578,25.73989,26.90389,29.46467,30.428
93,4.3256665,7.588555,12.164001,20.10422,25.559,27.86578,29.13322,32.44278,33.51355,33.95356
94,5.132703833,8.323,12.48622,19.12533,24.189,27.34356,30.44656,33.53167,37.19467,40.23911
96,4.471221833,7.065223,10.711777,17.78978,24.17344,28.808,30.60211,30.85167,32.04245,33.97355
97,4.6298515,7.729222,11.747667,16.86378,21.86178,25.15533,27.771,30.52333,32.321,35.55567
98,4.764370333,8.160778,12.59844,21.43755,28.59678,31.34133,34.24433,36.08945,38.228,37.42911
100,4.854371167,5.544111,9.02511,14.35756,21.14233,24.40578,27.61878,29.84167,32.33467,33.89578
101,5.058924833,8.553667,13.63544,21.83378,26.53067,29.84867,33.00211,37.48,37.83433,42.50567
102,4.560593167,7.530333,11.157667,16.05933,20.67178,23.62311,25.77878,26.19778,29.07322,31.299
103,3.978555333,7.009222,11.046556,17.45267,22.08956,24.45311,27.78767,29.32667,31.88989,34.89567
104,4.998555,9.121667,12.66933,19.41878,25.09389,27.17644,30.49833,30.69834,31.25333,33.71989
105,4.786333,7.81611,12.08711,18.73211,23.48167,28.23089,31.14055,35.45167,39.70778,43.97767
106,4.651778,7.734333,11.306778,17.31367,24.28778,28.07467,30.845,31.88778,34.79922,38.36666
107,3.850666,6.182111,9.573445,15.80033,22.07444,24.83578,27.73056,29.38666,33.28811,32.76778
108,4.898445,8.376555,12.66567,17.88033,22.81,23.50133,25.68611,26.76778,28.41367,29.22778
109,5.026778,8.572333,12.781,19.96745,25.83567,29.49222,32.97078,35.28789,38.43455,40.834
111,4.743,7.752777,11.577112,17.11322,22.74389,25.24644,26.89278,28.42834,29.68778,33.15878
112,5.135222,8.958333,13.36711,18.83544,25.065,27.32978,28.94389,30.425,30.82556,33.84989
113,4.780778,8.232777,13.22156,19.85322,24.27945,27.44089,27.98944,30.19944,30.75222,33.361
114,5.411111,8.547667,12.984,19.46433,24.62222,27.90833,30.44022,31.15033,35.92978,35.48511
115,4.549888,7.263667,11.42144,17.80478,22.25833,24.861,26.78467,28.76866,30.21234,31.17856
116,4.713334,8.284333,12.30844,17.15322,23.3,25.41722,27.18466,28.87589,30.772,32.76734
117,3.77,7.070999,11.534,19.14322,25.77778,28.15167,31.07022,34.12922,35.66756,38.124
118,4.357666,6.864778,11.09811,17.05256,23.56278,28.35434,31.61689,33.53978,36.99678,37.683
120,4.887666,8.155888,12.78144,18.53033,23.04055,24.96544,26.20022,27.62089,30.089,30.83633
121,3.996667,7.599889,11.754,18.45767,23.90889,26.64389,28.848,29.56589,32.80978,33.37622
122,4.867667,7.820333,12.70256,19.13256,25.15056,28.53655,31.10244,32.95755,33.25233,35.00856
123,4.499889,8.123666,13.56033,21.12033,27.385,31.34433,34.22133,35.31978,37.10123,39.22856
124,3.817778,6.066556,9.669556,15.78211,21.30445,23.65167,26.20578,27.62589,29.06645,29.38067
125,4.151,6.992556,11.44478,18.31367,24.32722,28.87322,31.60689,34.12089,35.02566,36.58411
126,5.198111,9.159445,14.45922,22.75656,28.41444,32.06556,35.78711,40.00078,43.83311,47.38833
127,3.804778,8.001667,12.060333,19.67656,27.22,31.13111,33.89044,35.53744,38.47756,41.01833
128,4.534888,8.083445,12.301778,17.90278,23.82278,27.31511,29.82489,31.38467,33.29167,34.97934
129,4.743778,8.559,13.50067,20.66167,26.92278,29.57289,32.03711,33.85133,35.61944,38.61044
130,3.280445,5.857889,9.509556,16.09166,23.60167,27.58289,29.80044,31.368,34.17611,33.976
131,2.151445,5.211667,7.783666,11.186555,17.50222,21.19,24.14155,25.60744,27.59311,29.19278
132,5.137111,8.091222,8.651779,16.18611,23.45056,26.44067,29.906,32.43467,34.00278,37.356
133,3.451556,7.007889,10.771778,16.385,21.47833,24.80067,27.05267,29.20467,31.165,34.07489
134,4.276,8.859,13.012889,18.34722,23.08833,25.71178,27.92933,29.64244,32.15611,33.19822
135,4.136,7.720111,11.604,17.93722,22.85056,25.55844,27.53378,29.48467,31.455,33.74267
136,4.389222,8.297222,11.912556,18.101,25.65222,27.82555,30.57378,32.993,35.12866,37.435
137,3.996,7.871222,11.416222,17.95278,23.99389,26.90844,29.54267,31.11022,32.97167,34.93045
138,4.887111,8.487889,12.816222,20.82278,27.11278,27.79511,30.56267,31.63911,32.88278,36.83711
139,5.714555,9.061445,13.20389,20.00667,25.76611,25.38789,27.92911,28.46545,29.43211,31.976
140,4.634556,7.205889,10.535001,14.65778,20.25389,21.55455,23.92134,26.44322,28.03989,30.54267
141,5.645777,8.726556,13.15089,18.34178,23.25778,24.98967,27.51578,29.90377,31.29734,33.26255
142,5.499,8.891445,12.87055,19.33555,25.41389,28.16011,32.50245,33.541,36.04434,39.74823
143,5.256778,8.234778,12.97722,18.77444,25.11278,25.63344,29.01578,32.271,33.29656,36.59711
144,5.441222,8.643667,12.18278,19.46556,25.07055,26.01011,28.78578,31.05989,31.88878,34.666
145,4.734555,8.203667,10.251665,16.65,21.90056,22.739,25.54467,27.95767,28.601,31.34711
146,5.882334,8.861444,13.00278,18.80333,24.32833,26.33122,29.40356,31.601,33.98322,36.31489
148,4.746222,7.949445,11.697,19.28711,25.91533,29.12733,30.84122,33.04178,35.905,39.31889
150,3.731667,6.257666,8.577778,14.91089,22.46811,27.80111,31.29678,35.72678,38.21756,42.97455
151,4.366222,7.993889,11.63922,19.12711,27.202,32.43067,34.72344,37.63178,38.99944,42.09333
152,4.706222,7.977223,12.31367,14.24933,22.18978,26.98511,30.24345,30.874,31.99722,34.83667
153,4.628444,7.868334,11.77033,18.98711,25.49089,28.17622,31.33233,33.54956,36.05278,38.27889
154,3.775,7.224334,10.36222,16.83756,21.97589,24.29,26.27455,28.04456,29.78533,32.39567
155,4.828444,7.045,11.23922,17.57044,23.18533,25.854,27.45789,29.02622,30.08278,33.24667
156,4.389555,7.739444,10.697,12.501555,19.952,25.88622,29.45122,30.88733,33.65722,36.87889
158,4.069445,7.035445,10.47222,17.08311,23.69034,25.82,27.969,29.40011,30.60866,33.84678
159,5.328148,9.903889,14.47,20.17833,25.34467,27.95422,29.15023,29.78033,34.05289,36.83111
160,5.774815167,10.342778,14.92,20.77389,25.96133,27.73977,30.22133,30.78367,33.81733,36.04667
161,6.254629833,10.68389,16.69555,22.42944,28.29466,32.912,35.798,37.19255,39.55622,42.60556
162,4.6821485,9.469001,13.24256,17.50122,24.03856,26.97378,29.54578,31.06533,32.46478,33.59545
163,4.487148167,9.690111,14.67367,19.46678,26.55078,31.55822,33.49134,36.01089,37.87033,43.85545
165,4.535185167,8.563889,12.25778,15.10722,21.29689,23.462,25.33578,25.68367,29.45178,31.18111
166,6.592519167,9.666,15.53711,22.86711,28.06567,30.55478,33.50411,35.54333,37.89289,40.82266
167,5.471148167,8.451111,13.35744,19.15889,23.96067,26.82878,28.673,29.84944,31.43033,33.35145
168,4.693741333,8.044444,12.073,17.21444,23.80622,26.22211,28.43633,30.36056,33.01255,33.17589
169,5.060851333,8.286,12.56156,19.99378,25.66567,28.477,31.05189,32.43223,34.11956,35.63489
170,6.215111167,9.52711,13.87489,21.42822,27.26011,30.17144,32.06967,34.00222,37.60511,38.01933
171,5.8780735,8.422667,12.84489,20.36711,26.44233,29.34922,32.67189,34.69111,35.88622,37.86045
172,5.375592667,8.604444,13.11744,20.36333,26.36289,28.53544,30.33522,32.92611,33.47922,38.22478
173,6.053740833,9.217778,14.19522,22.17444,26.55733,29.04433,31.45522,32.91389,35.37811,36.297
174,4.929482167,8.154445,12.99411,19.89667,26.43734,29.24767,32.16522,33.935,37.23256,37.94922
175,5.423925167,8.151111,12.60856,19.16333,24.65733,26.30656,27.30856,28.10722,29.197,30.26589
176,4.9831485,8.823778,13.03233,18.84478,24.58033,28.08044,29.46011,31.23933,34.41378,35.69178
177,3.860628667,7.098667,11.322,19.243,25.43089,29.49645,32.70789,34.05544,35.36522,37.77189
178,3.618519333,7.600445,11.16233,17.27922,23.39256,25.88933,28.75456,30.46489,32.74378,34.61289
179,4.175371333,7.899333,12.33456,18.15811,24.34478,26.45822,29.74122,30.65378,33.63933,35.164
180,4.502962667,8.096001,12.25344,17.15367,24.39033,27.39711,30.24233,33.04155,34.66489,37.29067
181,4.914629333,8.651555,13.22233,20.31367,26.37033,30.27822,32.51122,34.62822,37.72711,40.69177
182,3.968148167,8.007111,11.54567,15.74367,20.937,24.03489,26.009,27.17044,30.45378,31.26289
183,2.777666667,5.212,8.009778,13.23522,19.07311,21.47644,24.409,26.59878,29.25745,32.32745
184,5.698555,9.566778,15.09644,21.38555,28.55922,32.06344,34.58122,37.178,38.98855,39.56055
185,5.230667,8.663889,12.989445,19.59711,25.60866,30.01278,32.91122,34.12189,37.02222,38.88845
186,5.086223,8.687222,14.19611,21.66155,27.95978,31.43611,34.66233,36.28522,38.40111,41.90289
187,5.539666,9.376778,13.80533,20.36111,26.01922,28.98011,32.04678,33.22689,34.87634,36.18389
188,5.061778,8.216111,13.162778,19.06489,24.29978,27.21278,27.29455,29.98745,32.06889,34.71845
189,4.733,8.350111,13.033111,19.35555,25.25256,27.179,29.79123,32.59245,36.19633,37.07278
190,4.804111,8.137888,13.088667,20.20778,26.58367,27.33678,31.87456,31.85356,36.00855,36.64278
191,4.737444,7.654555,11.945333,17.41222,24.24811,27.07789,29.37678,31.82244,34.24855,36.96944
192,4.629666,7.935666,12.485332,18.8,23.52922,25.82567,27.04233,29.72689,30.11189,33.14167
193,5.186333,8.288999,12.884222,19.57222,24.37811,27.29789,29.12344,30.51356,32.47967,34.10945
194,4.516222,7.532778,12.046112,17.18822,22.10422,24.065,27.03678,27.06522,29.09889,31.09067
195,4.960667,8.435,12.806111,18.16378,23.33978,26.32944,27.41677,29.57967,31.2833,33.66067
196,4.821111,8.243222,12.348112,19.51211,26.48878,29.26055,31.86678,34.20344,36.291,38.81211
197,5.283333,8.863221,13.00144,20.85544,27.10878,28.87167,31.41234,34.14456,35.96767,38.731
198,6.302334,10.186112,15.94178,23.41722,28.33378,30.06678,33.40233,35.03733,36.81178,38.872
199,6.053445,9.819444,14.05956,21.04611,26.26156,29.129,30.76344,33.43067,36.20067,38.66533
200,5.228889,8.57989,13.49811,21.03249908,26.63211,28.87611,30.09344,31.20233,33.13433,35.01878
201,5.084555,10.195,15.114,23.285,28.06378,30.99455,32.47122,34.41844,36.69623,38.972
202,5.449,10.28389,14.94844,21.39056,25.22156,25.85011,28.45455,32.23733,35.57066,35.83978
203,5.012334,9.329444,13.844,21.02278,25.77489,27.24122,29.43678,31.37511,34.12956,34.92645
204,5.613333,9.495445,14.14256,22.30211,25.80655,26.55167,29.01789,31.21678,32.81211,34.411
205,5.6,9.80211,15.03144,24.58545,29.231,31.92944,34.75789,36.31233,38.05322,41.20322
206,5.818889,9.778777,14.34478,21.89433,26.22322,28.20167,30.99233,33.449,35.75211,37.741
207,5.53,9.57505575,14.83205775,22.62922,29.05911,32.385,35.64844,37.99533,41.31367,43.41334
208,4.164444,7.243110375,10.65899938,18.17033,25.43467,29.01833,32.42733,34.20867,35.64033,37.22222
209,4.77,8.34644425,12.94122225,19.92144,25.22911,28.06278,29.924,31.91644,34.90144,37.47
210,5.331,8.42605575,13.91783775,21.88745,28.82078,31.93767,34.97289,37.157,38.07622,40.57122
211,4.372111,7.29216675,11.41505575,19.08966,25.48967,27.73655,29.60289,31.21811,31.94845,34.30011
212,5.15,8.751723,12.869831,20.31033,25.03355,27.27833,29.86622,31.65867,34.27811,35.30222
213,4.668889,8.058666,12.847889,19.02922,24.44356,27.905,29.81178,31.21311,34.03811,35.11444
214,4.736556,8.209806,12.84269,18.95522,24.31522,26.97322,28.84067,30.02033,31.41622,34.68678
215,5.51,9.47241725,13.39386325,19.71478,25.01244,27.955,29.91511,32.05422,35.67367,37.21667
216,4.763333,7.4851945,11.8510835,16.89922,22.39689,25.505,27.65178,29.05089,31.70922,33.67
217,4.548778,7.84897225,11.63297225,17.983,23.65966,24.88211,27.39511,28.73033,31.16066,32.59566
218,5.116444,8.985445,12.82467,18.69689,24.61244,27.11656,28.13544,29.22111,30.45656,32.07389
219,5.375445,8.934999,13.24167,18.40089,23.87967,27.395,30.94878,31.03056,33.45511,37.02489
220,3.576444,5.832111,10.268,16.45022,20.64467,22.04656,23.55433,25.54333,27.651,28.65389
221,5.275445,8.687222,13.02611,19.59422,25.193,28.17167,30.73211,31.785,33.57178,36.07933
222,4.906444,8.257668,13.48911,19.55355,23.66911,26.13211,28.36545,29.97333,31.75767,32.88056
223,4.389777,7.983223,12.808,19.71911,26.53244,29.65322,30.581,34.69889,37.611,38.10389
224,5.000889,8.676555,12.12356,18.20689,21.65244,22.83545,24.87656,25.8,27.08656,28.96611
225,4.526444,7.828777,11.63911,18.99911,25.16244,27.39878,30.45433,32.96444,35.80211,38.22723
226,5.194445,9.501889,13.35411,19.90222,26.07222,30.14589,32.11344,33.56989,36.01333,42.04133
227,4.762111,7.941222,11.66378,17.43045,25.14167,28.76522,30.33678,33.30822,35.196445,37.70367
228,5.101111,9.000778,13.54744,21.98111,27.78222,31.72478,34.94344,36.47656,38.68222,42.96022
229,5.253222,8.687889,13.256,20.29044,28.07389,31.58634,34.25789,35.52156,36.517,38.18145
230,3.796556,6.866777,10.454889,16.93822,22.955,26.12856,28.58122,30.57489,33.02256,34.98367
231,5.767667,9.501223,14.85489,24.70822,30.66166,33.66411,35.84567,37.66378,39.15477,41.83922
232,4.815445,8.459,12.31155,20.146,26.13277,29.35189,30.71455,32.97711,34.27256,35.97589
233,4.665555,8.024112,11.359667,19.20889,24.45778,27.637,29.60789,30.94878,33.57111,31.798
234,4.693778,7.563667,11.070223,17.48422,22.13289,24.86944,27.277,28.64833,30.88233,33.77878
235,4.971111,7.791889,12.51744,20.87778,26.92111,29.44478,31.74122,33.43989,34.29,36.668
236,4.954444,8.104111,11.568555,18.71778,22.97889,24.92589,25.89456,26.13767,28.00111,30.18467
237,3.707778,6.228556,9.026333,14.476667,17.97556,20.63922,22.51678,24.08656,26.13222,28.86578
238,5.170666,8.598556,13.65311,16.48,23.90767,29.59689,32.46433,34.167,36.83456,35.72733
239,5.728444,9.784111,14.98533,18.12111,25.091,30.00911,32.49989,34.427,36.33456,36.69289
240,5.268556,8.978111,13.59011,21.98733,27.50711,29.842,33.16433,34.14089,34.91755,37.63278
242,5.125222,9.447,15.40789,23.99178,29.54711,32.66422,36.06767,36.662,38.30089,41.20833
243,5.207444,9.299222,14.26456,21.594,27.10711,29.31867,31.31544,31.38089,34.32089,37.03944
245,5.358444,9.421888,14.63089,21.23,26.46655,30.18133,32.15656,33.29144,35.79566,35.96734
246,3.439556,6.319667,8.930889,12.893334,19.10544,20.85244,23.01544,24.07922,25.87234,27.53955
247,5.072889,8.654112,13.34311,19.43889,25.99989,26.83356,28.18211,28.677,31.21566,33.16734
248,4.656334,7.732556,11.336778,17.894,23.67156,26.18311,27.70433,28.682,30.97533,32.71166
249,3.791889,6.912556,10.852333,16.95178,22.19933,23.682,25.391,25.24422,27.31644,30.01167
250,4.764334,8.188555,12.029888,17.93778,23.84544,26.60322,28.44889,29.573,27.32889,30.18833
251,4.809889,8.693,11.958778,16.06,23.32656,25.33211,27.48667,27.75522,30.79667,30.82167
252,5.241,8.779667,13.871,19.59778,26.33878,27.53989,29.83,32.42078,33.35889,33.43389
253,3.664444,6.478111,9.578,15.77511,22.94489,26.38722,28.42222,30.158,32.18411,32.796
254,4.909889,8.837444,13.09322,20.22333,26.101,29.46989,31.03,33.253,35.474445,37.41389
255,5.358778,8.628556,13.63767,21.01222,26.50322,29.55544,32.16444,33.783,35.64778,37.23056
256,5.58,9.079222,13.204666,18.79178,23.83045,25.535,27.97778,30.24356,30.96189,33.66822
257,4.485445,8.091888,12.321,15.12667,22.47767,24.15767,26.13445,27.25078,29.07,30.87722
258,4.12,7.953667,12.100222,17.88289,24.14378,26.86167,28.57667,30.28911,32.55078,35.05156
259,5.076111,8.738,13.85344,21.74856,26.01033,29.06444,31.89189,34.75722,37.30977,38.54877
260,4.552889,8.045333,12.264888,15.86033,22.89533,25.65844,27.89411,29.55222,31.46944,32.372
261,4.841666,7.456889,11.520111,19.09189,23.96589,26.67111,28.18633,30.11833,31.81533,31.63767
262,4.558333,7.908,12.049,18.60633,22.937,24.99667,26.44522,26.43945,26.34422,31.91989
263,4.146111,7.92689,11.97678,18.84411,25.78922,27.73,30.22411,32.05611,35.10311,36.23656
264,5.493889,9.054667,13.67344,21.97411,24.84367,26.70222,27.77967,30.07833,30.03311,33.36433
265,5.601666,9.418,14.799,23.71411,27.377,29.12445,31.31744,33.65167,35.19978,36.961
266,4.202888,7.164223,11.074888,15.50589,23.97533,27.27733,30.17189,30.89222,33.80167,34.39311
267,4.525111,8.316445,12.277112,17.73922,23.84978,26.52733,29.87411,30.76555,35.03722,36.32756
268,4.647222,7.636888,11.161221,19.13744,24.50478,26.86,28.56967,30.98722,33.26644,35.791
269,5.145111,8.2897,12.79267,16.12144,21.59867,25.014,27.43522,29.10889,32.25278,34.55978
270,4.687778,8.079444,13.5390555,22.14667,27.52211,29.51244,30.90256,32.41689,34.93878,35.32655
271,4.902222,8.031667,12.96044838,20.74444,25.95989,31.48245,34.49366,36.08245,39.20656,40.48989
272,5.416667,9.147222,13.43627775,20.14556,26.051,28.43578,29.78811,31.46467,33.51767,34.31767
273,5.726666,9.431666,13.453362,19.52667,26.62656,29.66355,32.13145,34.58911,36.58766,39.66656
274,4.391,7.604333,12.52191663,20.45267,28.86711,31.284,35.17367,36.46522,37.85911,39.17333
275,4.882111,8.212111,12.88177388,18.41267,23.49044,25.90844,27.91589,29.10078,30.96022,33.32
276,5.118889,8.880556,13.2930795,20.06111,25.66322,28.11244,29.35144,31.00578,32.62878,34.69656
277,4.822223,8.506112,12.70572525,18.79111,23.54767,28.29911,31.42922,33.73133,36.581,38.80878
278,5.214444,8.549445,13.84864188,23.04,29.45544,31.56356,33.99034,36.61578,38.16433,42.06322
279,4.473223,7.348777,10.67774913,16.63711,24.51933,26.29622,28.66033,31.08967,33.95022,35.58222
280,4.723333,8.248334,12.38960925,19.71444,25.15878,28.05022,31.25589,32.76467,36.87322,40.17767
281,4.575556,7.692778,11.5501665,17.87111,22.96544,27.15578,30.56255,31.41467,34.06433,35.90211
282,4.767778,7.912778,12.2591935,19.66889,26.19878,28.25134,30.85367,32.74356,34.60378,36.241
283,4.898096,8.575539,13.04244,20.49889,27.07733,28.502855,31.31078,32.67056,33.90978,34.717
284,4.609841286,8.803952286,14.14911,21.00222,26.84733,29.03766333,31.74299667,33.42833,35.94811,36.157
285,4.777776714,8.348555714,13.25689,19.66778,26.14511,28.43007167,28.78744,32.87056,33.52811,37.26589
286,4.475556571,7.587444571,7.166889,15.45222,24.46511,28.65044333,33.18411,35.68944,37.20144,43.327
287,4.571111286,8.538555286,13.60244,20.27333,26.354,29.262475,27.83967,33.06722,37.89367,39.81811
288,4.506032286,8.135698286,13.63467,19.73778,24.65178,28.31340833,30.50633,32.46055,32.927,37.35144
289,5.177302143,9.358079143,14.328,21.14,27.21067,28.55970833,30.55633,32.73722,34.03367,35.55478
290,4.196666571,6.880777571,11.20022,18.94111,23.124,25.924885,29.96411,30.54389,31.42255,36.80922
291,3.566032143,6.853476143,11.47244,18.60778,24.76511,26.080445,27.63078,33.92278,35.137,35.00144
292,4.409364429,8.357921429,13.02911,20.04333,25.02733,26.22599667,28.39411,29.56167,30.86811,33.58922
293,3.812905143,6.564238143,10.68878,12.29489,19.46011,23.609405,27.33522,31.86222,37.52067,38.76489
294,5.246539571,9.422762571,15.33311,24.30211,31.10556,32.60722667,36.09711,36.37967,38.57644,42.82278
295,4.372412429,7.963079429,12.39533,19.86767,26.44,28.47444833,29.72155,29.81856,35.08867,35.25944
296,4.342047143,8.228825143,13.62011,21.905,27.22944,28.71788833,29.50933,31.80133,34.02166,35.79156
297,4.434634714,7.799745714,12.64978,12.951,20.09778,25.46240833,26.66267,28.74744,28.71422,31.26167
298,5.111935857,9.009269857,14.97311,17.30878,24.32667,29.17147833,29.11933,32.613,33.58867,34.03611
299,4.589984143,8.592318143,13.05344,20.45167,25.51944,26.55808,27.736,30.52689,31.92722,33.29155
300,4.558237143,8.215016143,13.02122,20.39945,27.68945,30.349745,32.89933,33.52244,35.99722,39.51822
301,4.232889571,8.185777571,13.59978,15.56322,23.73778,27.80611333,29.58266,32.09522,34.88422,34.74389
302,5.328873286,9.043429286,14.52344,21.59722,27.87944,30.39844,33.51156,37.20689,36.83056,38.69156
303,5.306332571,9.668666571,15.01456,21.39278,25.915,25.02992333,26.89822,29.99467,31.21722,31.34711
305,4.768777286,7.892444286,10.87311,18.03711,25.0475525,28.754006,28.88344,31.02955,36.45166,35.45444
306,5.394697857,8.836697857,13.64056,21.44867,27.17033,29.66574,33.10345,36.24566,35.97422,39.87456
307,4.452634857,7.450190857,11.23611,16.99756,20.82533875,22.92022,23.59789,27.09567,27.84756,31.35345
308,4.109142714,7.348920714,11.30389,19.50089,25.34478,26.91980667,29.059,28.21789,29.68311,33.28344
309,5.097984857,8.297205857,13.01756,21.30489,27.18172625,31.937992,31.96789,34.89844,36.02834,38.91667
310,4.710682286,8.373237286,13.022,20.20044,26.53617,29.685776,31.94344,32.41067,34.71389,35.49889
311,4.559412571,7.523078571,11.18755,18.53711,21.8550525,23.500222,25.759,28.33511,31.11056,32.77111
312,5.093587,8.582255,11.70722,19.232,24.47034,26.04277667,28.93233,29.699,30.412,32.34011
313,4.676079571,7.911968571,12.59756,20.35933,26.32658,30.107992,33.68789,33.44733,36.04944,36.91445
314,4.875287143,8.396730143,13.21644,21.82933,25.92991625,28.562662,29.88566,32.834,34.37278,35.65556
315,4.811316714,8.282761714,12.80978,20.02933,23.20728125,24.378222,25.75456,28.654,28.83833,30.80555
316,4.424445,7.849111,11.961,18.19989,21.77611,23.66422,25.07722,24.74389,26.58111,28.23433
317,5.581,8.949555,13.47844,20.23033,22.73,23.91578,24.95278,24.80222,26.21478,26.81333
318,5.246667,9.21911,13.86655,19.40322,23.49833,26.71089,27.10167,27.58722,29.46667,31.01211
319,5.109889,8.521778,13.10956,20.85367,26.68778,29.658,32.07167,34.16778,35.287,37.06222
320,3.917778,6.505777,9.874333,16.29655,22.86056,25.21311,26.74834,26.83167,28.67333,29.21766
321,5.603222,9.88511,13.94622,22.05033,27.86334,30.16911,32.55278,33.39222,37.94589,36.67222
322,5.241111,9.32911,14.331,21.69655,26.47722,28.48311,32.08611,32.30722,36.00222,37.97656
323,4.621,7.248445,12.07733,19.05144,22.86,25.03356,27.81722,29.15,31.72144,30.34889
324,4.951111,8.096889,13.39989,19.58767,24.91833,26.28644,26.53945,28.01056,27.79889,31.641
325,4.596667,7.173555,11.35767,19.20211,24.92944,27.962,28.85722,31.02833,33.63222,34.98767
326,4.732111,7.729555,12.46845,20.57589,25.93889,26.08355,26.51278,27.90667,28.207,29.37
327,4.225556,7.140223,11.13545,18.12989,24.35055,26.60867,28.72611,29.20611,30.00778,32.17211
328,4.020556,6.597334,10.303667,18.31733,24.18556,24.35856,27.088,28.74044,33.77844,32.30367
329,5.213889,8.050668,12.67811,19.86178,26.14778,28.43078,31.65133,34.29933,35.774,37.86589
330,5.059444,8.535111,13.91811,21.43622,26.57556,28.18189,31.67911,32.50822,34.89622,35.09922
331,5.305,9.532888,14.31144,21.63844,27.46889,28.97522,34.50467,34.47489,36.79511,38.88256
332,5.286111,9.534,12.35144,19.83178,24.78889,25.67189,28.658,30.49711,32.064,33.95478
333,4.623777,7.923333,12.50778,20.85667,26.09055,28.20789,30.298,31.64322,36.34322,34.06378
334,4.572778,7.170667,11.28589,16.84622,20.99333,21.88078,24.91911,25.81489,28.56289,28.04256
335,4.251556,8.01,9.58,17.70111,23.00722,26.45789,30.99022,33.38767,36.80322,39.58823
336,5.380445,9.406666,14.36,24.53,29.95389,31.01455,32.83244,34.47433,35.54822,37.25711
337,4.610555,7.482889,11.97145,17.83845,22.71556,23.99633,27.55245,27.96822,32.96734,32.35589
338,4.907667,8.137555,11.622,19.04011,23.66411,23.69267,24.53577,25.74756,28.11811,29.52545
339,5.278778,8.285334,12.69533,20.53233,26.62967,29.75489,31.96689,33.20644,35.18811,38.37322
340,4.608777,7.764223,10.40644,18.25789,25.28633,27.71822,26.328,27.66089,28.94922,30.82878
341,5.573222,9.51089,13.62311,22.93122,29.94967,31.90044,34.40689,37.03756,38.51478,40.59211
342,4.638666,8.471333,12.42167,21.275,27.77911,28.37645,28.78244,30.397555,31.36067,32.78556
343,5.006444,7.951333,12.20167,20.56056,25.85911,29.49422,31.75356,34.63589,35.92289,37.52667
344,3.989778,6.751333,11.205,19.31944,25.99244,28.82311,31.12133,34.09033,36.06622,37.43667
345,5.217667,8.160889,12.07755,19.68567,25.76967,28.166,30.66689,34.39422,37.497,38.01322
346,5.442111,9.176444,12.40533,22.09456,27.06967,28.386,30.31022,32.76533,34.93589,37.69211
347,4.844333,8.169778,11.49756,19.27233,25.06523,26.49378,28.55245,31.81978,32.43144,32.15656
348,4.854222,7.375778,10.41278,19.27167,25.45911,28.86311,30.04244,30.37366,33.53067,34.63
349,5.171333,8.244445,13.00533,20.93033,26.03611,27.391,29.85467,33.14422,34.70122,39.04411
350,5.782445,9.132223,13.91756,18.41589,26.63389,27.81989,30.93133,30.35089,34.78011,36.58745
351,3.578778,4.967555,7.712,14.49011,19.79967,21.96267,23.31356,22.50978,26.26922,27.41433
352,4.758,7.826667,11.71644,19.30922,25.555,28.82211,30.358,34.09533,34.83233,38.84967
353,5.828,10.333334,15.21311,22.93478,27.34945,30.90544,32.13133,34.428665,37.029,39.27078
354,4.342556,8.38511,12.31789,17.71878,22.41555,24.29167,26.50356,27.21256,30.54978,30.88956
355,5.344667,9.504444,14.57311,22.89811,26.83056,27.66989,29.28244,31.13422,33.159,35.20744
356,5.835889,10.008446,14.42011,21.79656,26.71556,28.07278,30.90022,33.24256,32.81089,35.56178
357,5.128111,9.071778,13.24567,18.36767,23.35556,27.11723,28.038,29.36478,31.71644,35.82622
358,3.680222,6.568888,9.92867,16.527,20.04611,21.211,22.41022,25.24533,26.55567,28.62633
359,5.092445,9.108889,12.97867,18.19367,25.56833,27.61656,31.008,30.45533,34.60678,36.783
360,4.749222,8.694,12.39233,19.71545,24.07667,26.29278,28.30245,30.07367,31.772,34.41178
361,3.868666,6.402334,10.81289,17.747,23.66033,26.91267,27.55011,31.94489,33.096,35.58289
362,5.085222,8.186113,13.03033,19.92411,25.14533,27.232,30.13011,30.86878,31.93633,33.54744
363,5.650778,8.558334,13.99922,21.89856,27.55311,29.26867,28.78678,32.44989,33.48078,35.47411
364,4.945334,8.522335,13.18845,20.10589,23.51255,26.13711,27.44566,27.10822,30.36933,30.85067
365,5.308555,8.035,13.057,20.463,26.07423,27.60311,30.87344,31.44322,33.26744,35.06522
366,6.559777,10.73567,14.24178,20.847,27.017,29.266,32.835665,35.31933,38.41156,36.83844
367,5.918555,9.495,13.98811,22.38633,28.25755,30.72311,32.85455,35.69322,38.10744,42.07411
368,4.806333,8.03389,12.147,20.48522,25.78089,28.01756,29.96011,31.01989,33.23189,35.49966
369,4.580777,7.951667,12.78033,19.42856,24.56533,27.57533,30.63233,30.63434,32.10189,35.29078
370,6.143,9.715,14.74478,22.76855,27.162,29.36311,31.68678,33.18544,34.643,36.153
371,5.137667,8.656667,13.71189,22.29889,27.09766,28.69911,32.12544,35.82589,37.909,40.294
372,4.792222,8.536221,12.186667,20.33067,26.19822,28.122,30.21656,35.292,37.462,38.513
373,3.789888,6.734445,9.633,15.32278,20.69656,24.73911,28.28211,30.39478,31.549,32.818
374,5.115555,9.401777,13.65778,25.05178,27.76378,29.58311,33.58989,35.22089,39.802,40.271
375,5.072111,8.896667,12.42967,16.45222,23.78434,26.83133,28.08989,31.19589,32.419,35.68
376,4.291,7.812223,11.411888,19.28667,23.47433,23.868,24.83656,27.05478,29.099,32.095
377,4.659889,8.274444,11.788556,16.49,24.01433,26.32467,28.42544,29.98033,32.559,34.821
378,4.548778,7.67,11.129667,20.23,24.21656,27.21355,28.82878,32.37589,34.689,36.977
379,3.985555,6.384,9.351111,15.92178,21.45378,23.28645,25.15322,27.07811,30.312,32.63
380,4.512667,7.472445,11.739445,19.20044,23.42222,28.86,30.12456,31.06378,33.181,35.464
382,5.172222,8.490666,12.692222,20.43956,25.32267,26.26978,28.91433,30.20422,30.962,34.25
383,5.034334,8.759333,13.009222,21.28956,29.96222,32.13167,34.80278,39.95833,40.568,43.995
384,4.631,8.303778,11.860333,18.84511,22.41889,26.50389,29.71055,31.37056,32.628,30.364
385,5.075445,8.809333,12.52811,19.854,24.94333,27.595,30.55611,32.85945,34.897,38.811
386,5.234333,8.698223,12.302556,19.47289,25.72222,27.37722,30.515,31.38722,33.248,34.789
387,5.123111,9.088666,13.331111,20.83778,24.30167,28.47989,29.56945,29.75667,32.479,36.052
388,4.983111,8.300889,12.406667,18.17667,22.35805667,25.57767,26.55389,28.23889,31.23,31.513
389,4.457667,8.206,11.6447,19.0195,24.46889,26.61278,27.23389,28.65944,29.785,31.957
390,4.912,8.880888,13.418889,21.39444,28.43945,29.911,31.995,33.57778,37.26,40.491
391,3.844222,6.950889,10.04,16.97,23.08945,27.36322,29.43833,30.41556,34.053,35.908
392,3.630889,7.292,12.717778,16.37778,22.76611,23.571,27.735,29.06444,31.024,32.333
393,4.485333,7.929666,11.44022,17.19611,23.45111,24.91567,25.04567,26.52933,27.762,29.369
394,4.442,7.945222,12.04911,19.49167,27.64889,28.99344,31.919,34.37155,35.858,38.323
395,4.530889,8.095222,11.98689,19.535,25.85555,29.44678,31.469,34.18378,36.186,36.989
396,5.219889,8.924779,12.89833,18.75789,22.25611,26.24744,28.43678,30.68767,31.741,35.59
397,4.749889,8.623666,12.95833,20.09678,23.16778,25.62078,29.47456,29.06656,33.955,34.598
398,5.692333,9.051889,13.77655,19.40966,22.31255,23.11833,25.13756,25.153,27.632,29.004
399,5.826667,9.663445,14.744,20.72233,26.34533,30.05656,33.30089,33.811,35.87,36.411
400,4.335555,6.459001,10.378445,15.49345,20.55866,23.41211,26.41422,27.539,29.336,30.205
401,5.164556,8.986333,13.16322,18.30633,21.30367,24.59056,28.74533,29.811,32.16,35.344
402,5.758889,10.119001,14.84733,21.24344,26.922,28.01433,30.80422,31.793,35.673,35.163
403,5.205556,9.901223,15.18955,20.88789,28.66311,28.98211,33.52645,34.58,38.394,39.995
404,5.549,10.281889,14.54656,19.79744,27.15811,28.14722,30.20422,30.744,32.857,35.297
405,5.176667,9.099,14.01956,21.60122,26.41422,26.86322,30.162,31.66,34.428,36.697
406,5.495556,9.435667,14.41289,15.35456,22.99089,27.40655,31.47089,33.046,35.956,39.228
407,4.782222,8.559,13.09178,19.63456,22.66422,23.181,24.91311,26.109,28.755,32.054
408,5.750333,9.371111,15.68622,22.94778,30.08778,33.07367,37.04678,37.447,43.81,42.904
409,5.833666,10.086667,12.85178,21.19111,26.89333,28.03811,29.96122,33.456,35.329,37.583
410,3.911445,6.571111,11.506221,18.66333,24.53222,27.52256,29.99789,31.235,34.151,35.681
411,4.941444,8.432222,12.66289,19.62667,26.63889,28.06144,31.27122,32.315,35.24,37.082
412,4.079222,6.447778,10.977334,17.67111,24.04222,27.54367,29.13345,30.151,32.759,34.968
413,4.819112,7.757111,12.97033,19.49045,23.80278,26.42522,28.92789,30.681,34.106,35.403
414,4.603555,9.807111,11.68922,15.87489,22.195,25.59633,28.21011,30.125,32.913,34.913
415,4.628,8.043777,13.73256,21.01822,27.80611,29.81745,31.83122,34.714,37.248,38.283
416,4.233556,8.791555,12.71256,18.74711,24.32167,25.68855,28.22789,29.756,31.929,32.855
417,4.404778,7.27111,11.326222,18.02556,25.52222,28.247,29.79567,30.742,33.175,33.882
418,5.212555,9.393334,14.35067,20.42556,26.27222,28.45811,32.80011,34.03,33.741,38.58
419,5.030334,8.89,14.594,20.57333,26.44778,29.58589,32.30344,35.724,38.225,39.237
420,4.798112,8.69,12.38067,20.09556,23.65889,25.83033,28.259,29.937,33.038,35.364
421,4.887,8.817778,13.07622,20.60111,25.49,28.77033,32.41011,35.644,36.809,37.067
422,4.753778,7.292555,12.95856,18.77767,23.311,26.29167,29.22,29.498,32.996,34.252
423,3.969445,5.877667,10.566667,15.180556,23.45934,27.31455,29.693,32.783,33.738,36.202
424,4.850444,8.413667,12.49967,17.491,24.70545,27.17389,29.6,30.394,32.852,34.799
425,5.259445,8.987667,12.580001,20.39278,27.92822,32.29011,35.602,37.127,39.616,41.111
426,3.826,8.049222,10.103,16.90878,20.901,22.53167,23.848,23.34,25.467,27.415
427,4.655,7.934333,11.549999,17.77944,23.72711,26.66789,29.41,32.717,34.36,37.273
428,4.419444,6.926556,10.052222,17.12611,23.15155,27.26122,28.95,30.592,33.44,35.037
429,5.082667,8.554778,13.44967,18.36878,23.65878,27.20278,30.89,31.314,33.436,35.605
430,4.361667,4.748778,10.816667,16.88389,23.67045,26.35678,28.595,31.294,32.494,33.851
431,3.532667,7.470333,9.908556,15.12989,20.91878,25.67722,27.988,27.759,30.93,32.806
432,3.873888,6.336556,12.25,16.05944,20.196,22.98456,24.223,26.62,28.465,29.675
433,3.535,7.273222,9.841111,15.55722,24.20267,27.44678,28.863,29.996,32.078,33.162
434,3.916556,8.166111,11.551667,16.40033,23.19333,26.33478,28.563,28.972,30.942,33.705
435,6.667777,8.139222,13.64167,20.81367,27.36444,31.068,34.508,36.316,38.281,39.642
436,5.088889,9.780333,13.28722,22.08922,28.35111,31.602,32.776,36.81,40.179,42.625
437,4.033334,7.833666,9.753889,16.07478,20.40439,24.099,27.372,29.269,31.132,33.543
438,3.932223,7.620332,11.465,17.94478,24.18444,26.704,31.125,35.034,37.856,39.29
439,3.618889,9.180334,13.32611,20.02589,26.47333,29.881,33.712,37.197,38.575,41.839
440,4.795556,9.127,14.70278,21.337,27.86556,30.943,33.615,35.735,39.302,42.04
441,4.791667,7.889444,10.378111,17.72745,20.21122,23.417,25.202,25.715,27.306,28.419
442,4.955555,10.018112,15.25389,23.747,32.44334,35.543,36.689,38.684,42.716,44.927
443,4.41,8.357,11.955,17.56589,24.33,27.221,29.811,32.351,33.272,34.319
444,4.774555,7.878778,12.31756,18.321,25.59833,29.152,33.528,39.135,44.262,49.128
445,3.952222,6.461444,10.537222,17.45922,22.39444,24.246,27.545,29.298,31.448,33.278
446,3.902222,8.023668,11.58722,15.86589,20.44445,20.953,22.469,23.122,24.097,25.345
447,3.605556,7.662001,11.872,18.84711,22.59789,24.142,25.569,25.051,27.188,28.66
448,5.531111,9.311999,14.31311,23.63378,30.56011,33.902,33.047,34.014,38.404,39.145
449,4.978889,8.387556,12.24645,20.48155,26.36011,30.038,35.819,36.521,37.64,38.377
450,6.762222,9.184223,12.97422,19.58378,24.41789,26.886,28.84,29.325,32.443,33.033
451,4.335556,8.780888,13.58311,20.62711,25.94678,29.383,31.625,32.991,36.285,38.061
452,4.828889,8.406445,13.64978,21.64489,27.579,31.535,34.373,34.361,37.743,40.461
453,4.521667,7.086667,13.20622,17.94756,21.75228,24.142,27.263,27.354,29.354,32.167
454,3.836778,8.092667,11.57344,19.03778,23.77139,26.838,30.17,31.046,33.301,34.988
455,4.852223,8.560888,11.41422,19.04156,24.76828,29.5,32.55,32.459,34.547,36.022
456,6.067888,7.664889,11.4145545,17.47222,23.22011,27.301,30.08,30.554,33.536,36.068
457,4.586667,8.443222,12.87633,19.13155,24.61644,26.87,28.827,29.728,32.521,32.977
458,5.045556,7.126556,11.53411,16.45933,22.25422,24.378,27.9,28.248,30.559,30.989
459,3.368778,7.134777,11.89933,16.41089,20.71367,22.041,24.503,25.063,27.284,28.432
460,4.840001,8.690999,13.503,20.13711,24.47978,27.482,29.881,31.559,33.796,34.67
461,6.972111,8.560333,14.48044,20.42644,26.01144,28.918,31.399,31.955,35.819,36.15
462,4.481111,8.235444,11.623,17.736,22.88756,25.868,28.043,29.294,32.256,33.525
463,4.56,8.291001,15.08856,22.20267,28.13866,30.293,32.76,34.89,36.939,39.566
464,3.948889,8.286556,14.653,20.77267,26.10311,27.92,30.85,32.82,33.813,36.217
465,4.175445,9.089223,14.56822,19.98533,25.61922,28.275,29.829,31.986,35.066,36.455
466,5.070001,8.168778,13.31967,18.96822,24.46755,27.12,30.445,31.472,34.126,35.595
467,4.100999,7.567001,14.31933,21.42978,28.38589,31.456,34.363,34.5,37.911,38.642
468,4.51,8.153223,13.54744,18.296,23.35533,25.615,29,30.114,34.625,34.586
469,5.097222,9.63189,14.56322,20.05222,27.58611,29.438,33.938,35.767,39.285,41.836
470,6.077333,9.752556,15.62911,21.11289,27.72889,30.318,32.356,34.758,36.445,41.166
471,5.769444,9.098556,13.04989,17.24889,22.16055,23.355,27.105,28.1475,28.777,30.973
472,3.943889,8.125222,14.25211,20.09333,26.25611,28.228,33.028,33.401,36.67,38.697
473,5.363889,9.589666,14.67433,19.83111,25.52944,26.187,30.096,31.393,33.55,36.429
474,4.475556,8.627667,10.799667,15.41378,18.65733,20.675,20.976,21.095,23.08,23.384
475,4.093889,9.186334,15.18211,21.76778,25.71389,27.298,30.225,29.669,33.099,36.631
476,3.761111,7.953222,13.90967,19.83155,25.71845,27.627,31.185,32.914,36.927,35.691
478,5.622778,8.585222,14.521,20.84,25.46167,27.034,31.312,32.745,36.682,38.964
479,6.326444,8.828333,12.003333,20.695,27.05,31.384,33.688,35.233,36.857,39.644
480,5.381889,8.568778,11.037445,20.07211,25.855,29.626,32.057,31.054,36.467,39.099
481,4.939778,6.955,10.403334,17.93722,23.039,25.247,27.136,28.158,30.687,32.16
482,4.746445,7.387222,11.050001,18.32389,20.096,25.997,29.834,30.643,33.743,34.842
483,6.769667,7.788778,12.94411,21.38655,26.061,30.218,32.79,32.78,36.753,38.959
484,7.301889,8.979889,11.694111,20.34433,26.675,28.853,31.437,33.329,35.93,38.153
485,5.579666,7.635444,12.26856,20.21655,25.295,27.476,28.533,28.049,31.757,33.931
486,5.009667,7.938777,11.466333,19.25544,24.941,27.384,29.825,30.113,33.144,34.805
487,5.152,7.100556,10.218889,17.56944,21.515,25.838,28.146,29.619,31.919,33.487
488,6.421889,8.774333,10.691888,16.79322,21.824,25.396,26.862,27.143,30.777,32.545
489,3.721889,8.043223,11.060778,19.85767,26.083,29.896,32.326,34.505,35.731,38.167
490,3.886333,5.049889,9.363,15.26656,22.076,25.007,26.096,30.09,32.045,34.053
491,5.955334,6.409444,11.248889,19.535,25.032,27.724,30.565,32.362,34.567,37.717
860,5.51,9.388444,14.264,21.656,27.565,31.623,34.308,34.747,38.014,39.163
861,4.91,8.118444,12.433,19.154,25.365,28.396,30.631,32.147,32.702,34.443
862,5.002111,8,11.866,18.318,22.984,24.494,25.517,28.637,30.98,31.794
863,5.207666,8.588889,12.31,19.271,23.438,26.131,28.589,30.813,33.759,35.383
864,5.781111,9.392888,14.595,22.357,27.286,29.058,30.988,33.626,35.49,37.569
865,5,8.746222,12.975,17.84,20.103,21.185,23.565,26.126,27.615,28.595
866,5.067667,8.031112,12.354,20.121,26.343,30.201,33.577,35.269,36.601,40.266
867,5.575555,9.294,13.59,18.262,22.33,24.367,26.021,26.97,29.005,31.594
868,4.299889,6.235555,8.431,14.123,19.453,23.052,25.202,26.406,27.527,29.118
871,4.179889,7.395556,11.383,18.044,23.383,26.029,28.627,32.135,35.256,37.595
1037,4.351778,7.828,12.743,19.19,26.522,28.712,32.287,33.995,35.24,37.199
1038,5.290667,8.38,13.825,19.589,22.033,26.118,29.657,32.007,34.047,35.561
1039,4.298555,6.804,10.475,15.249,20.244,21.861,23.878,25.683,26.774,28.065
1040,5.435111,9.06,14.569,21.289,25.023,29.228,32.53,34.597,36.087,38.005
1041,4.635112,8.268,13.813,19.398,22.419,26.117,29.163,29.986,32.148,33.473
1042,4.705111,8.055,13.515,19.991,23.317,27.361,31.259,33.465,36.06,37.795
1043,3.341778,6.57,10.085,14.283,19.428,21.222,23.628,25.587,27.554,29.561
1044,4.472889,7.431,11.712,17.358,23.555,24.465,26.968,28.303,30.351,32.305
1045,5.169667,8.762,13.547,20.416,26.102,28.44,31.927,32.963,35.693,37.844
1046,4.505111,7.744,11.838,18.696,22.722,26.626,29.801,32.367,34.345,36
1047,3.589556,6.421,9.783,14.64,20.123,21.777,24.544,26.213,28.085,29.911
1141,4.544,7.155,11.289,20.894,26.176,29.004,30.296,31.874,35.201,37.361
1142,4.328,7.141,10.756,20.002,25.452,28.039,30.022,33.206,32.972,35.414
1143,4.462,8.316,12.406,20.003,24.121,26.369,29.539,32.323,33.691,34.973
1144,3.154,4.785,6.295,11.7535,17.407,23.711,26.874,28.796,31.666,32.391
1145,5.523,10.003,14.997,23.417,29.43,31.765,33.372,35.494,37.781,40.248
1146,4.584,8.396,12.058,19.73,25.029,28.012,31.071,33.904,34.805,36.587
1147,3.859,6.168,8.873,14.719,20.115,23.576,24.547,25.89,27.276,28.927
1148,5.124,8.712,12.172,18.698,24.385,26.139,26.766,29.303,31.446,33.241
1149,5.223,9.351,13.153,21.199,25.836,27.869,29.913,32.159,33.466,35.975
1150,3.772,6.686,9.949,15.868,21.868,25.227,27.6,28.217,29.949,33.745
1151,4.847,7.871,11.54,19.32,25.06,27.906,30.223,33.235,34.484,36.565
1152,4.718,7.447,11.502,18.54,24.536,27.369,27.491,30.858,32.05,31.945
1153,4.752,8.048,12.552,17.443,22.192,24.485,25.872,28.419,30.514,33.152
1154,4.632,8.594,12.685,18.0445,23.599,26.844,27.844,30.245,30.846,33.342
1164,4.738166667,8.426,13.237,18.33,24.819,25.827,27.406,28.836,30.987,32.214
1165,5.638666667,9.402,14.517,20.69,26.634,28.44,29.857,31.309,34.656,36.77
1166,5.189666667,9.632,14.76,21.028,24.788,26.833,28.858,29.765,32.422,32.802
1167,5.376666667,9.182,13.776,20.272,25.455,27.845,30.487,31.641,34.36,35.057
1168,5.135,9.092,13.244,18.836,24.008,25.292,27.273,28.386,30.309,31.848
1169,5.319333333,9.372,14.312,19.882,23.06,24.428,25.502,26.57,28.632,29.865
1171,5.6605,10.256,15.814,21.672,28.135,29.773,30.802,32.746,34.929,36.85
1172,4.572833333,8.692,12.188,17.175,22.248,24.712,27.026,28.901,30.459,32.174
1173,5.616,10.516,16.71,22.632,29.085,31.951,33.515,35.366,36.926,39.024
1174,3.979,7.349,11.826,19.781,26.431,28.739,32.401,34.766,36.957,39.789
1175,3.889,7.047,11.368,16.936,23.634,24.328,28.834,30.736,32.61,34.872
1176,3.496,6.702,10.714,16.716,20.976,22.319,25.37,27.112,28.151,30.424
1177,2.985,6.141,9.575,16.659,22.206,24.658,27.385,30.157,30.575,33.461
1178,5.249,8.825,13.875,19.985,23.992,26.235,28.086,28.659,30.794,32.803
1179,4.715,7.798,12.475,19.493,25.335,28.334,31.001,31.264,33.589,36.124
1180,3.855,6.976,11.207,17.365,23.967,26.113,28.449,29.659,30.45,32.534
1181,4.057,7.624,12.427,20.983,26.937,30.317,32.555,34.173,38.489,41.045
1182,4.695,7.712,12.627,19.82,24.947,27.352,29.188,32.517,36.077,38.514
1183,6.337,9.28,14.703,22.854,27.046,31.006,32.406,35.05,38.629,41.236
1184,5.72,8.765,13.893,22.582,25.838,26.96,29.333,31.647,34.219,37.431
1185,5.359,8.435,12.816,20.609,24.822,28.545,31.95,34.72,37.804,40.684
1186,5.519,7.8,12.638,20.568,24.666,26.257,30.166,31.382,35.169,35.204
1187,3.823,5.757,8.323,13.131,19.934,24.211,25.794,26.722,28.928,30.556
1188,5.657,8.173,12.764,20.265,25.388,28.595,30.748,33.368,35.578,38.511
1189,5.283,8.598,12.69,20.514,23.831,25.364,28.152,29.799,31.702,32.2
1190,4.886,7.344,10.699,17.803,22.216,24.02,26.475,29.652,31.143,32.462
1191,4.7,7.589,11.469,19.118,25.63,27.44,31.244,33.709,34.971,37.304
1192,4.05,6.792,9.942,16.334,20.801,23.014,25.932,28.728,29.376,31.461
1193,4.37,6.818,10.897,19.453,25.221,26.962,29.196,31.172,32.895,35.668
1194,4.444,7.279,11.402,19.796,24.634,25.86,29.553,31.531,31.686,33.228
1295,3.3,7.596,11.281,17.912,24.895,28.209,31.041,33.925,36.257,39.411
1296,3.814,8.064,11.238,18.239,25.372,27.492,29.712,31.337,32.913,34.147
1297,3.247,7.727,11.671,19.842,24.6,27.391,29.274,31.477,33.72,35.706
1298,4.1,8.86,12.355,19.053,25.073,27.542,29.812,30.691,32.987,33.631
1299,4.538,9.371,13.869,19.99,26.53,28.093,30.003,29.403,32.511,32.661
1300,3.958,8.793,13.161,19.744,24.143,25.809,27.47,29.135,31.274,31.979
1301,4.397,9.125,15.1,23.151,29.23,32.144,34.956,38.286,38.91,41.678
1302,4.468,9.629,13.982,21.125,25.144,27.448,30.674,33.553,34.614,36.765
1437,4.883,8.496,13.452,19.794,24.067,24.767,28.903,31.119,33.835,35.103
1438,5.33,8.881,13.754,20.854,26.726,27.955,30.071,32.763,33.774,35.342
1439,5.643,9.094,14.576,20.779,26.406,27.874,30.98,32.188,34.154,35.017
1440,6.423,10.253,15.954,23.526,27.18,29.215,31.754,33.248,35.784,37.189
1441,5.505,9.622,15.772,24.007,28.274,29.859,32.428,34.726,36.427,38.591
1442,4.824,8.693,14.167,20.59,25.822,27.873,30.725,32.67,34.246,36.64
1443,4.814,8.287,11.584,20.826,27.337,30.609,33.494,36.525,38.829,41.133
1444,5.521,9.117,13.409,21.286,26.402,29.03,31.26,33.716,36.567,38.765
1445,6.067,10.524,16.499,25.66,30.278,30.042,32.353,34.907,38.162,38.688
1446,5.666,9.666,15.129,23.4,28.254,31.16,33.128,35.272,38.725,40.795
1447,5.454,9.039,11.829,18.754,25.744,26.693,29.476,29.952,32.15,33.201
1448,5.541,8.868,13.191,22.632,29.139,31.074,32.253,33.818,35.814,37.848
1449,5.211,8.357,11.79,18.277,24.642,26.616,30.654,32.005,34.582,35.161
1450,5.084,8.723,11.421,18.242,24.953,27.614,28.71,29.965,31.328,32.625
1451,5.012,8.186,11.688,19.756,23.741,26.244,27.78,30.715,33.031,34.965
1452,5.543,8.513,12.599,21.516,26.881,30.923,35.139,37.882,40.305,42.239
1453,4.784,7.709,11.122,16.741,23.314,25.467,27.493,28.175,30.591,32.645
1454,5.577,8.761,12.556,20.87,25.878,28.851,30.142,32.703,34.631,36.87
1455,5.733,9.544,14.204,22.327,27.876,30.33,33.199,34.503,36.494,39.671
1456,5.564,9.296,13.49,19.583,24.734,27.338,30.03,31.353,33.728,35.256
1457,5.366,7.717,12.097,19.057,24.034,27.499,29.324,31.775,34.189,36.342
1458,3.858,5.609,8.72,15.497,23.154,25.232,28.293,29.821,32.958,34.812
